id,gid,x,y,v_x,v_y,radius,time
0,0,-8.993500,-1.000000,0.130000,0.000000,0.750000,0.050000
1,0,-8.993500,1.000000,0.130000,0.000000,0.750000,0.050000
2,1,-0.006500,0.000000,-0.130000,0.000000,0.750000,0.050000
0,0,-8.981150,-1.000000,0.247000,0.000000,0.750000,0.100000
1,0,-8.981150,1.000000,0.247000,0.000000,0.750000,0.100000
2,1,-0.018850,0.000000,-0.247000,0.000000,0.750000,0.100000
0,0,-8.963535,-1.000000,0.352300,0.000000,0.750000,0.150000
1,0,-8.963535,1.000000,0.352300,0.000000,0.750000,0.150000
2,1,-0.036465,0.000000,-0.352300,0.000000,0.750000,0.150000
0,0,-8.941182,-1.000000,0.447070,0.000000,0.750000,0.200000
1,0,-8.941182,1.000000,0.447070,0.000000,0.750000,0.200000
2,1,-0.058818,0.000000,-0.447070,0.000000,0.750000,0.200000
0,0,-8.914563,-1.000000,0.532363,0.000000,0.750000,0.250000
1,0,-8.914563,1.000000,0.532363,0.000000,0.750000,0.250000
2,1,-0.085437,0.000000,-0.532363,0.000000,0.750000,0.250000
0,0,-8.884107,-1.000000,0.609127,0.000000,0.750000,0.300000
1,0,-8.884107,1.000000,0.609127,0.000000,0.750000,0.300000
2,1,-0.115893,0.000000,-0.609127,0.000000,0.750000,0.300000
0,0,-8.850196,-1.000000,0.678214,0.000000,0.750000,0.350000
1,0,-8.850196,1.000000,0.678214,0.000000,0.750000,0.350000
2,1,-0.149804,0.000000,-0.678214,0.000000,0.750000,0.350000
0,0,-8.813177,-1.000000,0.740393,0.000000,0.750000,0.400000
1,0,-8.813177,1.000000,0.740393,0.000000,0.750000,0.400000
2,1,-0.186823,0.000000,-0.740393,0.000000,0.750000,0.400000
0,0,-8.773359,-1.000000,0.796353,0.000000,0.750000,0.450000
1,0,-8.773359,1.000000,0.796353,0.000000,0.750000,0.450000
2,1,-0.226641,0.000000,-0.796353,0.000000,0.750000,0.450000
0,0,-8.731157,-1.000120,0.844035,-0.002400,0.750000,0.500000
1,0,-8.731157,1.000120,0.844035,0.002400,0.750000,0.500000
2,1,-0.268709,0.000000,-0.841352,0.000000,0.750000,0.500000
0,0,-8.686945,-1.000474,0.884240,-0.007074,0.750000,0.550000
1,0,-8.686945,1.000474,0.884240,0.007074,0.750000,0.550000
2,1,-0.312530,0.000000,-0.876435,0.000000,0.750000,0.550000
0,0,-8.641034,-1.001150,0.918231,-0.013525,0.750000,0.600000
1,0,-8.641034,1.001150,0.918231,0.013525,0.750000,0.600000
2,1,-0.357711,0.000000,-0.903620,0.000000,0.750000,0.600000
0,0,-8.593679,-1.002219,0.947085,-0.021383,0.750000,0.650000
1,0,-8.593679,1.002219,0.947085,0.021383,0.750000,0.650000
2,1,-0.403942,0.000000,-0.924612,0.000000,0.750000,0.650000
0,0,-8.545094,-1.003738,0.971719,-0.030370,0.750000,0.700000
1,0,-8.545094,1.003738,0.971719,0.030370,0.750000,0.700000
2,1,-0.450984,0.000000,-0.940836,0.000000,0.750000,0.700000
0,0,-8.495448,-1.005751,0.992914,-0.040267,0.750000,0.750000
1,0,-8.495448,1.005751,0.992914,0.040267,0.750000,0.750000
2,1,-0.498658,0.000000,-0.953486,0.000000,0.750000,0.750000
0,0,-8.444881,-1.008296,1.011337,-0.050908,0.750000,0.800000
1,0,-8.444881,1.008296,1.011337,0.050908,0.750000,0.800000
2,1,-0.546836,0.000000,-0.963567,0.000000,0.750000,0.800000
0,0,-8.393503,-1.011404,1.027566,-0.062160,0.750000,0.850000
1,0,-8.393503,1.011404,1.027566,0.062160,0.750000,0.850000
2,1,-0.595433,0.000000,-0.971936,0.000000,0.750000,0.850000
0,0,-8.341397,-1.015100,1.042110,-0.073918,0.750000,0.900000
1,0,-8.341397,1.015100,1.042110,0.073918,0.750000,0.900000
2,1,-0.644400,0.000000,-0.979344,0.000000,0.750000,0.900000
0,0,-8.288626,-1.019405,1.055432,-0.086098,0.750000,0.950000
1,0,-8.288626,1.019405,1.055432,0.086098,0.750000,0.950000
2,1,-0.693724,0.000000,-0.986474,0.000000,0.750000,0.950000
0,0,-8.235227,-1.024336,1.067970,-0.098624,0.750000,1.000000
1,0,-8.235227,1.024336,1.067970,0.098624,0.750000,1.000000
2,1,-0.743424,0.000000,-0.993989,0.000000,0.750000,1.000000
0,0,-8.181218,-1.029907,1.080177,-0.111420,0.750000,1.050000
1,0,-8.181218,1.029907,1.080177,0.111420,0.750000,1.050000
2,1,-0.793553,0.000000,-1.002599,0.000000,0.750000,1.050000
0,0,-8.126589,-1.036126,1.092581,-0.124380,0.750000,1.100000
1,0,-8.126589,1.036126,1.092581,0.124380,0.750000,1.100000
2,1,-0.844213,0.000000,-1.013183,0.000000,0.750000,1.100000
0,0,-8.071290,-1.042990,1.105975,-0.137278,0.750000,1.150000
1,0,-8.071290,1.042990,1.105975,0.137278,0.750000,1.150000
2,1,-0.895571,0.000000,-1.027170,0.000000,0.750000,1.150000
0,0,-8.015022,-1.049151,1.125377,-0.123222,0.750000,1.200000
1,0,-8.015022,1.049151,1.125377,0.123222,0.750000,1.200000
2,1,-0.948294,0.000000,-1.054453,0.000000,0.750000,1.200000
0,0,-7.958402,-1.056228,1.132397,-0.141533,0.750000,1.250000
1,0,-7.958402,1.056228,1.132397,0.141533,0.750000,1.250000
2,1,-1.001200,0.000000,-1.058124,0.000000,0.750000,1.250000
0,0,-7.900944,-1.062575,1.149157,-0.126949,0.750000,1.300000
1,0,-7.900944,1.062575,1.149157,0.126949,0.750000,1.300000
2,1,-1.055315,0.000000,-1.082311,0.000000,0.750000,1.300000
0,0,-7.843315,-1.070044,1.152579,-0.149370,0.750000,1.350000
1,0,-7.843315,1.070044,1.152579,0.149370,0.750000,1.350000
2,1,-1.109353,0.000000,-1.080757,0.000000,0.750000,1.350000
0,0,-7.784949,-1.076739,1.167320,-0.133892,0.750000,1.400000
1,0,-7.784949,1.076739,1.167320,0.133892,0.750000,1.400000
2,1,-1.164487,0.000000,-1.102681,0.000000,0.750000,1.400000
0,0,-7.726484,-1.084724,1.169300,-0.159706,0.750000,1.450000
1,0,-7.726484,1.084724,1.169300,0.159706,0.750000,1.450000
2,1,-1.219479,0.000000,-1.099842,0.000000,0.750000,1.450000
0,0,-7.667366,-1.091878,1.182369,-0.143077,0.750000,1.500000
1,0,-7.667366,1.091878,1.182369,0.143077,0.750000,1.500000
2,1,-1.275472,0.000000,-1.119858,0.000000,0.750000,1.500000
0,0,-7.608095,-1.100457,1.185416,-0.171582,0.750000,1.550000
1,0,-7.608095,1.100457,1.185416,0.171582,0.750000,1.550000
2,1,-1.331495,0.000000,-1.120444,0.000000,0.750000,1.550000
0,0,-7.548251,-1.108139,1.196872,-0.153637,0.750000,1.600000
1,0,-7.548251,1.108139,1.196872,0.153637,0.750000,1.600000
2,1,-1.388415,0.000000,-1.138399,0.000000,0.750000,1.600000
0,0,-7.487892,-1.115010,1.207182,-0.137424,0.750000,1.650000
1,0,-7.487892,1.115010,1.207182,0.137424,0.750000,1.650000
2,1,-1.446142,0.000000,-1.154559,0.000000,0.750000,1.650000
0,0,-7.427820,-1.123787,1.201439,-0.175533,0.750000,1.700000
1,0,-7.427820,1.123787,1.201439,0.175533,0.750000,1.700000
2,1,-1.503096,0.000000,-1.139061,0.000000,0.750000,1.700000
0,0,-7.367256,-1.131637,1.211292,-0.157000,0.750000,1.750000
1,0,-7.367256,1.131637,1.211292,0.157000,0.750000,1.750000
2,1,-1.560853,0.000000,-1.155155,0.000000,0.750000,1.750000
0,0,-7.306248,-1.138649,1.220158,-0.140254,0.750000,1.800000
1,0,-7.306248,1.138649,1.220158,0.140254,0.750000,1.800000
2,1,-1.619335,0.000000,-1.169639,0.000000,0.750000,1.800000
0,0,-7.245644,-1.147935,1.212063,-0.185707,0.750000,1.850000
1,0,-7.245644,1.147935,1.212063,0.185707,0.750000,1.850000
2,1,-1.676862,0.000000,-1.150525,0.000000,0.750000,1.850000
0,0,-7.184602,-1.156232,1.220851,-0.165952,0.750000,1.900000
1,0,-7.184602,1.156232,1.220851,0.165952,0.750000,1.900000
2,1,-1.735135,0.000000,-1.165473,0.000000,0.750000,1.900000
0,0,-7.123164,-1.163637,1.228760,-0.148102,0.750000,1.950000
1,0,-7.123164,1.163637,1.228760,0.148102,0.750000,1.950000
2,1,-1.794081,0.000000,-1.178926,0.000000,0.750000,1.950000
0,0,-7.062004,-1.173632,1.223189,-0.199903,0.750000,2.000000
1,0,-7.062004,1.173632,1.223189,0.199903,0.750000,2.000000
2,1,-1.852364,0.000000,-1.165657,0.000000,0.750000,2.000000
0,0,-7.000461,-1.182558,1.230863,-0.178508,0.750000,2.050000
1,0,-7.000461,1.182558,1.230863,0.178508,0.750000,2.050000
2,1,-1.911319,0.000000,-1.179091,0.000000,0.750000,2.050000
0,0,-6.938573,-1.190517,1.237768,-0.159174,0.750000,2.100000
1,0,-6.938573,1.190517,1.237768,0.159174,0.750000,2.100000
2,1,-1.970878,0.000000,-1.191182,0.000000,0.750000,2.100000
0,0,-6.876374,-1.197602,1.243982,-0.141703,0.750000,2.150000
1,0,-6.876374,1.197602,1.243982,0.141703,0.750000,2.150000
2,1,-2.030981,0.000000,-1.202064,0.000000,0.750000,2.150000
0,0,-6.814909,-1.208083,1.229299,-0.209619,0.750000,2.200000
1,0,-6.814909,1.208083,1.229299,0.209619,0.750000,2.200000
2,1,-2.089547,0.000000,-1.171309,0.000000,0.750000,2.200000
0,0,-6.753091,-1.217430,1.236358,-0.186947,0.750000,2.250000
1,0,-6.753091,1.217430,1.236358,0.186947,0.750000,2.250000
2,1,-2.148755,0.000000,-1.184178,0.000000,0.750000,2.250000
0,0,-6.690955,-1.225753,1.242710,-0.166458,0.750000,2.300000
1,0,-6.690955,1.225753,1.242710,0.166458,0.750000,2.300000
2,1,-2.208543,0.000000,-1.195760,0.000000,0.750000,2.300000
0,0,-6.628534,-1.233150,1.248425,-0.147942,0.750000,2.350000
1,0,-6.628534,1.233150,1.248425,0.147942,0.750000,2.350000
2,1,-2.268853,0.000000,-1.206184,0.000000,0.750000,2.350000
0,0,-6.566620,-1.244585,1.238293,-0.228694,0.750000,2.400000
1,0,-6.566620,1.244585,1.238293,0.228694,0.750000,2.400000
2,1,-2.328103,0.000000,-1.185015,0.000000,0.750000,2.400000
0,0,-6.504397,-1.254774,1.244448,-0.203782,0.750000,2.450000
1,0,-6.504397,1.254774,1.244448,0.203782,0.750000,2.450000
2,1,-2.387929,0.000000,-1.196513,0.000000,0.750000,2.450000
0,0,-6.441898,-1.263837,1.249985,-0.181268,0.750000,2.500000
1,0,-6.441898,1.263837,1.249985,0.181268,0.750000,2.500000
2,1,-2.448272,0.000000,-1.206862,0.000000,0.750000,2.500000
0,0,-6.379150,-1.271883,1.254968,-0.160921,0.750000,2.550000
1,0,-6.379150,1.271883,1.254968,0.160921,0.750000,2.550000
2,1,-2.509081,0.000000,-1.216176,0.000000,0.750000,2.550000
0,0,-6.316177,-1.279010,1.259451,-0.142531,0.750000,2.600000
1,0,-6.316177,1.279010,1.259451,0.142531,0.750000,2.600000
2,1,-2.570309,0.000000,-1.224558,0.000000,0.750000,2.600000
0,0,-6.254042,-1.291589,1.242704,-0.251574,0.750000,2.650000
1,0,-6.254042,1.291589,1.242704,0.251574,0.750000,2.650000
2,1,-2.629836,0.000000,-1.190543,0.000000,0.750000,2.650000
0,0,-6.191621,-1.302785,1.248410,-0.223932,0.750000,2.700000
1,0,-6.191621,1.302785,1.248410,0.223932,0.750000,2.700000
2,1,-2.689910,0.000000,-1.201489,0.000000,0.750000,2.700000
0,0,-6.128944,-1.312733,1.253543,-0.198948,0.750000,2.750000
1,0,-6.128944,1.312733,1.253543,0.198948,0.750000,2.750000
2,1,-2.750477,0.000000,-1.211340,0.000000,0.750000,2.750000
0,0,-6.066036,-1.321551,1.258161,-0.176367,0.750000,2.800000
1,0,-6.066036,1.321551,1.258161,0.176367,0.750000,2.800000
2,1,-2.811488,0.000000,-1.220206,0.000000,0.750000,2.800000
0,0,-6.002920,-1.329349,1.262316,-0.155956,0.750000,2.850000
1,0,-6.002920,1.329349,1.262316,0.155956,0.750000,2.850000
2,1,-2.872897,0.000000,-1.228185,0.000000,0.750000,2.850000
0,0,-5.939618,-1.336224,1.266053,-0.137508,0.750000,2.900000
1,0,-5.939618,1.336224,1.266053,0.137508,0.750000,2.900000
2,1,-2.934665,0.000000,-1.235367,0.000000,0.750000,2.900000
0,0,-5.876889,-1.350619,1.254571,-0.287900,0.750000,2.950000
1,0,-5.876889,1.350619,1.254571,0.287900,0.750000,2.950000
2,1,-2.995272,0.000000,-1.212143,0.000000,0.750000,2.950000
0,0,-5.813935,-1.363421,1.259078,-0.256047,0.750000,3.000000
1,0,-5.813935,1.363421,1.259078,0.256047,0.750000,3.000000
2,1,-3.056319,0.000000,-1.220928,0.000000,0.750000,3.000000
0,0,-5.750779,-1.374784,1.263131,-0.227254,0.750000,3.050000
1,0,-5.750779,1.374784,1.263131,0.227254,0.750000,3.050000
2,1,-3.117761,0.000000,-1.228835,0.000000,0.750000,3.050000
0,0,-5.687440,-1.384846,1.266776,-0.201227,0.750000,3.100000
1,0,-5.687440,1.384846,1.266776,0.201227,0.750000,3.100000
2,1,-3.179558,0.000000,-1.235952,0.000000,0.750000,3.100000
0,0,-5.623937,-1.393730,1.270054,-0.177699,0.750000,3.150000
1,0,-5.623937,1.393730,1.270054,0.177699,0.750000,3.150000
2,1,-3.241676,0.000000,-1.242357,0.000000,0.750000,3.150000
0,0,-5.560287,-1.401552,1.273001,-0.156430,0.750000,3.200000
1,0,-5.560287,1.401552,1.273001,0.156430,0.750000,3.200000
2,1,-3.304082,0.000000,-1.248121,0.000000,0.750000,3.200000
0,0,-5.496505,-1.408412,1.275652,-0.137203,0.750000,3.250000
1,0,-5.496505,1.408412,1.275652,0.137203,0.750000,3.250000
2,1,-3.366748,0.000000,-1.253309,0.000000,0.750000,3.250000
0,0,-5.432603,-1.414403,1.278035,-0.119822,0.750000,3.300000
1,0,-5.432603,1.414403,1.278035,0.119822,0.750000,3.300000
2,1,-3.429646,0.000000,-1.257978,0.000000,0.750000,3.300000
0,0,-5.368594,-1.419609,1.280178,-0.104109,0.750000,3.350000
1,0,-5.368594,1.419609,1.280178,0.104109,0.750000,3.350000
2,1,-3.492755,0.000000,-1.262180,0.000000,0.750000,3.350000
0,0,-5.306454,-1.440239,1.242802,-0.412610,0.750000,3.400000
1,0,-5.306454,1.440239,1.242802,0.412610,0.750000,3.400000
2,1,-3.552123,0.000000,-1.187357,0.000000,0.750000,3.400000
0,0,-5.244031,-1.458607,1.248461,-0.367350,0.750000,3.450000
1,0,-5.244031,1.458607,1.248461,0.367350,0.750000,3.450000
2,1,-3.612054,0.000000,-1.198622,0.000000,0.750000,3.450000
0,0,-5.181353,-1.474928,1.253547,-0.326432,0.750000,3.500000
1,0,-5.181353,1.474928,1.253547,0.326432,0.750000,3.500000
2,1,-3.672492,0.000000,-1.208760,0.000000,0.750000,3.500000
0,0,-5.118447,-1.489400,1.258120,-0.289437,0.750000,3.550000
1,0,-5.118447,1.489400,1.258120,0.289437,0.750000,3.550000
2,1,-3.733387,0.000000,-1.217884,0.000000,0.750000,3.550000
0,0,-5.055336,-1.502200,1.262230,-0.255990,0.750000,3.600000
1,0,-5.055336,1.502200,1.262230,0.255990,0.750000,3.600000
2,1,-3.794691,0.000000,-1.226095,0.000000,0.750000,3.600000
0,0,-4.992040,-1.513487,1.265924,-0.225749,0.750000,3.650000
1,0,-4.992040,1.513487,1.265924,0.225749,0.750000,3.650000
2,1,-3.856366,0.000000,-1.233486,0.000000,0.750000,3.650000
0,0,-4.928578,-1.523407,1.269244,-0.198407,0.750000,3.700000
1,0,-4.928578,1.523407,1.269244,0.198407,0.750000,3.700000
2,1,-3.918372,0.000000,-1.240137,0.000000,0.750000,3.700000
0,0,-4.864966,-1.532092,1.272228,-0.173684,0.750000,3.750000
1,0,-4.864966,1.532092,1.272228,0.173684,0.750000,3.750000
2,1,-3.980679,0.000000,-1.246123,0.000000,0.750000,3.750000
0,0,-4.801221,-1.539658,1.274909,-0.151331,0.750000,3.800000
1,0,-4.801221,1.539658,1.274909,0.151331,0.750000,3.800000
2,1,-4.043254,0.000000,-1.251511,0.000000,0.750000,3.800000
0,0,-4.737355,-1.546214,1.277319,-0.131118,0.750000,3.850000
1,0,-4.737355,1.546214,1.277319,0.131118,0.750000,3.850000
2,1,-4.106072,0.000000,-1.256360,0.000000,0.750000,3.850000
0,0,-4.673381,-1.551856,1.279485,-0.112841,0.750000,3.900000
1,0,-4.673381,1.551856,1.279485,0.112841,0.750000,3.900000
2,1,-4.169108,0.000000,-1.260724,0.000000,0.750000,3.900000
0,0,-4.609309,-1.556672,1.281430,-0.096315,0.750000,3.950000
1,0,-4.609309,1.556672,1.281430,0.096315,0.750000,3.950000
2,1,-4.232341,0.000000,-1.264652,0.000000,0.750000,3.950000
0,0,-4.545150,-1.560740,1.283179,-0.081370,0.750000,4.000000
1,0,-4.545150,1.560740,1.283179,0.081370,0.750000,4.000000
2,1,-4.295750,0.000000,-1.268186,0.000000,0.750000,4.000000
0,0,-4.480913,-1.564133,1.284750,-0.067856,0.750000,4.050000
1,0,-4.480913,1.564133,1.284750,0.067856,0.750000,4.050000
2,1,-4.359319,0.000000,-1.271368,0.000000,0.750000,4.050000
0,0,-4.416605,-1.566915,1.286161,-0.055635,0.750000,4.100000
1,0,-4.416605,1.566915,1.286161,0.055635,0.750000,4.100000
2,1,-4.423030,0.000000,-1.274231,0.000000,0.750000,4.100000
0,0,-4.352233,-1.569144,1.287429,-0.044583,0.750000,4.150000
1,0,-4.352233,1.569144,1.287429,0.044583,0.750000,4.150000
2,1,-4.486871,0.000000,-1.276808,0.000000,0.750000,4.150000
0,0,-4.287805,-1.570874,1.288568,-0.034589,0.750000,4.200000
1,0,-4.287805,1.570874,1.288568,0.034589,0.750000,4.200000
2,1,-4.550827,0.000000,-1.279127,0.000000,0.750000,4.200000
0,0,-4.223325,-1.572151,1.289592,-0.025550,0.750000,4.250000
1,0,-4.223325,1.572151,1.289592,0.025550,0.750000,4.250000
2,1,-4.614888,0.000000,-1.281214,0.000000,0.750000,4.250000
0,0,-4.158800,-1.573020,1.290511,-0.017375,0.750000,4.300000
1,0,-4.158800,1.573020,1.290511,0.017375,0.750000,4.300000
2,1,-4.679042,0.000000,-1.283093,0.000000,0.750000,4.300000
0,0,-4.094233,-1.573519,1.291337,-0.009982,0.750000,4.350000
1,0,-4.094233,1.573519,1.291337,0.009982,0.750000,4.350000
2,1,-4.743282,0.000000,-1.284784,0.000000,0.750000,4.350000
0,0,-4.029629,-1.573684,1.292079,-0.003295,0.750000,4.400000
1,0,-4.029629,1.573684,1.292079,0.003295,0.750000,4.400000
2,1,-4.807597,0.000000,-1.286305,0.000000,0.750000,4.400000
0,0,-3.964992,-1.573546,1.292745,0.002752,0.750000,4.450000
1,0,-3.964992,1.573546,1.292745,-0.002752,0.750000,4.450000
2,1,-4.871981,0.000000,-1.287675,0.000000,0.750000,4.450000
0,0,-3.900324,-1.573135,1.293343,0.008222,0.750000,4.500000
1,0,-3.900324,1.573135,1.293343,-0.008222,0.750000,4.500000
2,1,-4.936426,0.000000,-1.288907,0.000000,0.750000,4.500000
0,0,-3.835630,-1.572476,1.293881,0.013170,0.750000,4.550000
1,0,-3.835630,1.572476,1.293881,-0.013170,0.750000,4.550000
2,1,-5.000927,0.000000,-1.290017,0.000000,0.750000,4.550000
0,0,-3.770912,-1.571594,1.294364,0.017645,0.750000,4.600000
1,0,-3.770912,1.571594,1.294364,-0.017645,0.750000,4.600000
2,1,-5.065477,0.000000,-1.291015,0.000000,0.750000,4.600000
0,0,-3.706172,-1.570510,1.294797,0.021694,0.750000,4.650000
1,0,-3.706172,1.570510,1.294797,-0.021694,0.750000,4.650000
2,1,-5.130073,0.000000,-1.291913,0.000000,0.750000,4.650000
0,0,-3.641413,-1.569242,1.295187,0.025355,0.750000,4.700000
1,0,-3.641413,1.569242,1.295187,-0.025355,0.750000,4.700000
2,1,-5.194709,0.000000,-1.292722,0.000000,0.750000,4.700000
0,0,-3.576636,-1.567808,1.295536,0.028668,0.750000,4.750000
1,0,-3.576636,1.567808,1.295536,-0.028668,0.750000,4.750000
2,1,-5.259382,0.000000,-1.293450,0.000000,0.750000,4.750000
0,0,-3.511844,-1.566225,1.295851,0.031664,0.750000,4.800000
1,0,-3.511844,1.566225,1.295851,-0.031664,0.750000,4.800000
2,1,-5.324087,0.000000,-1.294105,0.000000,0.750000,4.800000
0,0,-3.447037,-1.564506,1.296133,0.034375,0.750000,4.850000
1,0,-3.447037,1.564506,1.296133,-0.034375,0.750000,4.850000
2,1,-5.388822,0.000000,-1.294694,0.000000,0.750000,4.850000
0,0,-3.382218,-1.562665,1.296386,0.036827,0.750000,4.900000
1,0,-3.382218,1.562665,1.296386,-0.036827,0.750000,4.900000
2,1,-5.453583,0.000000,-1.295225,0.000000,0.750000,4.900000
0,0,-3.317387,-1.560713,1.296613,0.039046,0.750000,4.950000
1,0,-3.317387,1.560713,1.296613,-0.039046,0.750000,4.950000
2,1,-5.518368,0.000000,-1.295702,0.000000,0.750000,4.950000
0,0,-3.252546,-1.558660,1.296817,0.041053,0.750000,5.000000
1,0,-3.252546,1.558660,1.296817,-0.041053,0.750000,5.000000
2,1,-5.583175,0.000000,-1.296132,0.000000,0.750000,5.000000
0,0,-3.187696,-1.556517,1.297001,0.042869,0.750000,5.050000
1,0,-3.187696,1.556517,1.297001,-0.042869,0.750000,5.050000
2,1,-5.648001,0.000000,-1.296519,0.000000,0.750000,5.050000
0,0,-3.122838,-1.554291,1.297165,0.044512,0.750000,5.100000
1,0,-3.122838,1.554291,1.297165,-0.044512,0.750000,5.100000
2,1,-5.712844,0.000000,-1.296867,0.000000,0.750000,5.100000
0,0,-3.057972,-1.551991,1.297313,0.045999,0.750000,5.150000
1,0,-3.057972,1.551991,1.297313,-0.045999,0.750000,5.150000
2,1,-5.777703,0.000000,-1.297180,0.000000,0.750000,5.150000
0,0,-2.993100,-1.549624,1.297446,0.047344,0.750000,5.200000
1,0,-2.993100,1.549624,1.297446,-0.047344,0.750000,5.200000
2,1,-5.842576,0.000000,-1.297462,0.000000,0.750000,5.200000
0,0,-2.928222,-1.547196,1.297565,0.048561,0.750000,5.250000
1,0,-2.928222,1.547196,1.297565,-0.048561,0.750000,5.250000
2,1,-5.907462,0.000000,-1.297716,0.000000,0.750000,5.250000
0,0,-2.863338,-1.544713,1.297672,0.049662,0.750000,5.300000
1,0,-2.863338,1.544713,1.297672,-0.049662,0.750000,5.300000
2,1,-5.972359,0.000000,-1.297944,0.000000,0.750000,5.300000
0,0,-2.798450,-1.542180,1.297768,0.050659,0.750000,5.350000
1,0,-2.798450,1.542180,1.297768,-0.050659,0.750000,5.350000
2,1,-6.037267,0.000000,-1.298150,0.000000,0.750000,5.350000
0,0,-2.733557,-1.539602,1.297854,0.051560,0.750000,5.400000
1,0,-2.733557,1.539602,1.297854,-0.051560,0.750000,5.400000
2,1,-6.102183,0.000000,-1.298335,0.000000,0.750000,5.400000
0,0,-2.668660,-1.536983,1.297931,0.052376,0.750000,5.450000
1,0,-2.668660,1.536983,1.297931,-0.052376,0.750000,5.450000
2,1,-6.167109,0.000000,-1.298502,0.000000,0.750000,5.450000
0,0,-2.603760,-1.534327,1.298001,0.053115,0.750000,5.500000
1,0,-2.603760,1.534327,1.298001,-0.053115,0.750000,5.500000
2,1,-6.232041,0.000000,-1.298651,0.000000,0.750000,5.500000
0,0,-2.538857,-1.531638,1.298063,0.053783,0.750000,5.550000
1,0,-2.538857,1.531638,1.298063,-0.053783,0.750000,5.550000
2,1,-6.296980,0.000000,-1.298786,0.000000,0.750000,5.550000
0,0,-2.473951,-1.528919,1.298119,0.054388,0.750000,5.600000
1,0,-2.473951,1.528919,1.298119,-0.054388,0.750000,5.600000
2,1,-6.361926,0.000000,-1.298908,0.000000,0.750000,5.600000
0,0,-2.409043,-1.526172,1.298169,0.054936,0.750000,5.650000
1,0,-2.409043,1.526172,1.298169,-0.054936,0.750000,5.650000
2,1,-6.426877,0.000000,-1.299017,0.000000,0.750000,5.650000
0,0,-2.344132,-1.523400,1.298214,0.055431,0.750000,5.700000
1,0,-2.344132,1.523400,1.298214,-0.055431,0.750000,5.700000
2,1,-6.491832,0.000000,-1.299115,0.000000,0.750000,5.700000
0,0,-2.279219,-1.520606,1.298255,0.055880,0.750000,5.750000
1,0,-2.279219,1.520606,1.298255,-0.055880,0.750000,5.750000
2,1,-6.556793,0.000000,-1.299204,0.000000,0.750000,5.750000
0,0,-2.214305,-1.517792,1.298291,0.056286,0.750000,5.800000
1,0,-2.214305,1.517792,1.298291,-0.056286,0.750000,5.800000
2,1,-6.621757,0.000000,-1.299283,0.000000,0.750000,5.800000
0,0,-2.149389,-1.514959,1.298324,0.056653,0.750000,5.850000
1,0,-2.149389,1.514959,1.298324,-0.056653,0.750000,5.850000
2,1,-6.686724,0.000000,-1.299355,0.000000,0.750000,5.850000
0,0,-2.084471,-1.512110,1.298353,0.056986,0.750000,5.900000
1,0,-2.084471,1.512110,1.298353,-0.056986,0.750000,5.900000
2,1,-6.751695,0.000000,-1.299419,0.000000,0.750000,5.900000
0,0,-2.019552,-1.509246,1.298379,0.057287,0.750000,5.950000
1,0,-2.019552,1.509246,1.298379,-0.057287,0.750000,5.950000
2,1,-6.816669,0.000000,-1.299478,0.000000,0.750000,5.950000
0,0,-1.954632,-1.506368,1.298402,0.057559,0.750000,6.000000
1,0,-1.954632,1.506368,1.298402,-0.057559,0.750000,6.000000
2,1,-6.881646,0.000000,-1.299530,0.000000,0.750000,6.000000
0,0,-1.889711,-1.503478,1.298424,0.057806,0.750000,6.050000
1,0,-1.889711,1.503478,1.298424,-0.057806,0.750000,6.050000
2,1,-6.946625,0.000000,-1.299577,0.000000,0.750000,6.050000
0,0,-1.824789,-1.500576,1.298442,0.058030,0.750000,6.100000
1,0,-1.824789,1.500576,1.298442,-0.058030,0.750000,6.100000
2,1,-7.011606,0.000000,-1.299619,0.000000,0.750000,6.100000
0,0,-1.759866,-1.497664,1.298459,0.058232,0.750000,6.150000
1,0,-1.759866,1.497664,1.298459,-0.058232,0.750000,6.150000
2,1,-7.076588,0.000000,-1.299657,0.000000,0.750000,6.150000
0,0,-1.694942,-1.494744,1.298475,0.058415,0.750000,6.200000
1,0,-1.694942,1.494744,1.298475,-0.058415,0.750000,6.200000
2,1,-7.141573,0.000000,-1.299691,0.000000,0.750000,6.200000
0,0,-1.630018,-1.491815,1.298488,0.058581,0.750000,6.250000
1,0,-1.630018,1.491815,1.298488,-0.058581,0.750000,6.250000
2,1,-7.206559,0.000000,-1.299722,0.000000,0.750000,6.250000
0,0,-1.565092,-1.488878,1.298501,0.058731,0.750000,6.300000
1,0,-1.565092,1.488878,1.298501,-0.058731,0.750000,6.300000
2,1,-7.271547,0.000000,-1.299750,0.000000,0.750000,6.300000
0,0,-1.500167,-1.485935,1.298512,0.058867,0.750000,6.350000
1,0,-1.500167,1.485935,1.298512,-0.058867,0.750000,6.350000
2,1,-7.336535,0.000000,-1.299775,0.000000,0.750000,6.350000
0,0,-1.435241,-1.482985,1.298521,0.058990,0.750000,6.400000
1,0,-1.435241,1.482985,1.298521,-0.058990,0.750000,6.400000
2,1,-7.401525,0.000000,-1.299798,0.000000,0.750000,6.400000
0,0,-1.370314,-1.480030,1.298530,0.059102,0.750000,6.450000
1,0,-1.370314,1.480030,1.298530,-0.059102,0.750000,6.450000
2,1,-7.466516,0.000000,-1.299818,0.000000,0.750000,6.450000
0,0,-1.305387,-1.477070,1.298538,0.059203,0.750000,6.500000
1,0,-1.305387,1.477070,1.298538,-0.059203,0.750000,6.500000
2,1,-7.531508,0.000000,-1.299836,0.000000,0.750000,6.500000
0,0,-1.240460,-1.474105,1.298545,0.059294,0.750000,6.550000
1,0,-1.240460,1.474105,1.298545,-0.059294,0.750000,6.550000
2,1,-7.596501,0.000000,-1.299852,0.000000,0.750000,6.550000
0,0,-1.175533,-1.471137,1.298552,0.059377,0.750000,6.600000
1,0,-1.175533,1.471137,1.298552,-0.059377,0.750000,6.600000
2,1,-7.661494,0.000000,-1.299867,0.000000,0.750000,6.600000
0,0,-1.110605,-1.468164,1.298557,0.059452,0.750000,6.650000
1,0,-1.110605,1.468164,1.298557,-0.059452,0.750000,6.650000
2,1,-7.726488,0.000000,-1.299880,0.000000,0.750000,6.650000
0,0,-1.045677,-1.465188,1.298562,0.059520,0.750000,6.700000
1,0,-1.045677,1.465188,1.298562,-0.059520,0.750000,6.700000
2,1,-7.791483,0.000000,-1.299892,0.000000,0.750000,6.700000
0,0,-0.980748,-1.462209,1.298567,0.059581,0.750000,6.750000
1,0,-0.980748,1.462209,1.298567,-0.059581,0.750000,6.750000
2,1,-7.856478,0.000000,-1.299903,0.000000,0.750000,6.750000
0,0,-0.915820,-1.459227,1.298571,0.059637,0.750000,6.800000
1,0,-0.915820,1.459227,1.298571,-0.059637,0.750000,6.800000
2,1,-7.921473,0.000000,-1.299913,0.000000,0.750000,6.800000
0,0,-0.850891,-1.456243,1.298575,0.059687,0.750000,6.850000
1,0,-0.850891,1.456243,1.298575,-0.059687,0.750000,6.850000
2,1,-7.986469,0.000000,-1.299922,0.000000,0.750000,6.850000
0,0,-0.785962,-1.453256,1.298578,0.059733,0.750000,6.900000
1,0,-0.785962,1.453256,1.298578,-0.059733,0.750000,6.900000
2,1,-8.051466,0.000000,-1.299929,0.000000,0.750000,6.900000
0,0,-0.721033,-1.450267,1.298581,0.059775,0.750000,6.950000
1,0,-0.721033,1.450267,1.298581,-0.059775,0.750000,6.950000
2,1,-8.116463,0.000000,-1.299936,0.000000,0.750000,6.950000
0,0,-0.656104,-1.447277,1.298584,0.059812,0.750000,7.000000
1,0,-0.656104,1.447277,1.298584,-0.059812,0.750000,7.000000
2,1,-8.181460,0.000000,-1.299943,0.000000,0.750000,7.000000
0,0,-0.591174,-1.444284,1.298586,0.059846,0.750000,7.050000
1,0,-0.591174,1.444284,1.298586,-0.059846,0.750000,7.050000
2,1,-8.246457,0.000000,-1.299949,0.000000,0.750000,7.050000
0,0,-0.526245,-1.441291,1.298588,0.059877,0.750000,7.100000
1,0,-0.526245,1.441291,1.298588,-0.059877,0.750000,7.100000
2,1,-8.311455,0.000000,-1.299954,0.000000,0.750000,7.100000
0,0,-0.461316,-1.438295,1.298590,0.059905,0.750000,7.150000
1,0,-0.461316,1.438295,1.298590,-0.059905,0.750000,7.150000
2,1,-8.376453,0.000000,-1.299958,0.000000,0.750000,7.150000
0,0,-0.396386,-1.435299,1.298592,0.059930,0.750000,7.200000
1,0,-0.396386,1.435299,1.298592,-0.059930,0.750000,7.200000
2,1,-8.441451,0.000000,-1.299962,0.000000,0.750000,7.200000
0,0,-0.331456,-1.432301,1.298593,0.059953,0.750000,7.250000
1,0,-0.331456,1.432301,1.298593,-0.059953,0.750000,7.250000
2,1,-8.506449,0.000000,-1.299966,0.000000,0.750000,7.250000
0,0,-0.266526,-1.429302,1.298595,0.059974,0.750000,7.300000
1,0,-0.266526,1.429302,1.298595,-0.059974,0.750000,7.300000
2,1,-8.571448,0.000000,-1.299970,0.000000,0.750000,7.300000
0,0,-0.201597,-1.426303,1.298596,0.059993,0.750000,7.350000
1,0,-0.201597,1.426303,1.298596,-0.059993,0.750000,7.350000
2,1,-8.636446,0.000000,-1.299973,0.000000,0.750000,7.350000
0,0,-0.136667,-1.423302,1.298597,0.060010,0.750000,7.400000
1,0,-0.136667,1.423302,1.298597,-0.060010,0.750000,7.400000
2,1,-8.701445,0.000000,-1.299975,0.000000,0.750000,7.400000
0,0,-0.071737,-1.420301,1.298598,0.060025,0.750000,7.450000
1,0,-0.071737,1.420301,1.298598,-0.060025,0.750000,7.450000
2,1,-8.766444,0.000000,-1.299978,0.000000,0.750000,7.450000
0,0,-0.006807,-1.417299,1.298599,0.060039,0.750000,7.500000
1,0,-0.006807,1.417299,1.298599,-0.060039,0.750000,7.500000
2,1,-8.831443,0.000000,-1.299980,0.000000,0.750000,7.500000
0,0,0.058123,-1.414296,1.298600,0.060052,0.750000,7.550000
1,0,0.058123,1.414296,1.298600,-0.060052,0.750000,7.550000
2,1,-8.896442,0.000000,-1.299982,0.000000,0.750000,7.550000
0,0,0.123053,-1.411293,1.298601,0.060064,0.750000,7.600000
1,0,0.123053,1.411293,1.298601,-0.060064,0.750000,7.600000
2,1,-8.961441,0.000000,-1.299984,0.000000,0.750000,7.600000
0,0,0.187983,-1.408290,1.298601,0.060074,0.750000,7.650000
1,0,0.187983,1.408290,1.298601,-0.060074,0.750000,7.650000
2,1,-9.026441,0.000000,-1.299985,0.000000,0.750000,7.650000
0,0,0.252913,-1.405285,1.298602,0.060083,0.750000,7.700000
1,0,0.252913,1.405285,1.298602,-0.060083,0.750000,7.700000
2,1,-9.091440,0.000000,-1.299987,0.000000,0.750000,7.700000
0,0,0.317843,-1.402281,1.298602,0.060092,0.750000,7.750000
1,0,0.317843,1.402281,1.298602,-0.060092,0.750000,7.750000
2,1,-9.156439,0.000000,-1.299988,0.000000,0.750000,7.750000
0,0,0.382773,-1.399276,1.298603,0.060100,0.750000,7.800000
1,0,0.382773,1.399276,1.298603,-0.060100,0.750000,7.800000
2,1,-9.221439,0.000000,-1.299989,0.000000,0.750000,7.800000
0,0,0.447704,-1.396270,1.298603,0.060107,0.750000,7.850000
1,0,0.447704,1.396270,1.298603,-0.060107,0.750000,7.850000
2,1,-9.286438,0.000000,-1.299990,0.000000,0.750000,7.850000
0,0,0.512634,-1.393265,1.298603,0.060113,0.750000,7.900000
1,0,0.512634,1.393265,1.298603,-0.060113,0.750000,7.900000
2,1,-9.351438,0.000000,-1.299991,0.000000,0.750000,7.900000
0,0,0.577564,-1.390259,1.298604,0.060119,0.750000,7.950000
1,0,0.577564,1.390259,1.298604,-0.060119,0.750000,7.950000
2,1,-9.416438,0.000000,-1.299992,0.000000,0.750000,7.950000
0,0,0.642494,-1.387253,1.298604,0.060124,0.750000,8.000000
1,0,0.642494,1.387253,1.298604,-0.060124,0.750000,8.000000
2,1,-9.481437,0.000000,-1.299993,0.000000,0.750000,8.000000
0,0,0.707424,-1.384246,1.298604,0.060129,0.750000,8.050000
1,0,0.707424,1.384246,1.298604,-0.060129,0.750000,8.050000
2,1,-9.546437,0.000000,-1.299994,0.000000,0.750000,8.050000
0,0,0.772355,-1.381239,1.298605,0.060133,0.750000,8.100000
1,0,0.772355,1.381239,1.298605,-0.060133,0.750000,8.100000
2,1,-9.611437,0.000000,-1.299994,0.000000,0.750000,8.100000
0,0,0.837285,-1.378233,1.298605,0.060137,0.750000,8.150000
1,0,0.837285,1.378233,1.298605,-0.060137,0.750000,8.150000
2,1,-9.676436,0.000000,-1.299995,0.000000,0.750000,8.150000
0,0,0.902215,-1.375226,1.298605,0.060141,0.750000,8.200000
1,0,0.902215,1.375226,1.298605,-0.060141,0.750000,8.200000
2,1,-9.741436,0.000000,-1.299995,0.000000,0.750000,8.200000
0,0,0.967145,-1.372218,1.298605,0.060144,0.750000,8.250000
1,0,0.967145,1.372218,1.298605,-0.060144,0.750000,8.250000
2,1,-9.806436,0.000000,-1.299996,0.000000,0.750000,8.250000
0,0,1.032076,-1.369211,1.298605,0.060147,0.750000,8.300000
1,0,1.032076,1.369211,1.298605,-0.060147,0.750000,8.300000
2,1,-9.871436,0.000000,-1.299996,0.000000,0.750000,8.300000
0,0,1.097006,-1.366203,1.298605,0.060150,0.750000,8.350000
1,0,1.097006,1.366203,1.298605,-0.060150,0.750000,8.350000
2,1,-9.936436,0.000000,-1.299997,0.000000,0.750000,8.350000
0,0,1.161936,-1.363196,1.298606,0.060152,0.750000,8.400000
1,0,1.161936,1.363196,1.298606,-0.060152,0.750000,8.400000
2,1,-10.001436,0.000000,-1.299997,0.000000,0.750000,8.400000
0,0,1.226866,-1.360188,1.298606,0.060154,0.750000,8.450000
1,0,1.226866,1.360188,1.298606,-0.060154,0.750000,8.450000
2,1,-10.066435,0.000000,-1.299997,0.000000,0.750000,8.450000
0,0,1.291797,-1.357180,1.298606,0.060156,0.750000,8.500000
1,0,1.291797,1.357180,1.298606,-0.060156,0.750000,8.500000
2,1,-10.131435,0.000000,-1.299998,0.000000,0.750000,8.500000
0,0,1.356727,-1.354172,1.298606,0.060158,0.750000,8.550000
1,0,1.356727,1.354172,1.298606,-0.060158,0.750000,8.550000
2,1,-10.196435,0.000000,-1.299998,0.000000,0.750000,8.550000
0,0,1.421657,-1.351164,1.298606,0.060160,0.750000,8.600000
1,0,1.421657,1.351164,1.298606,-0.060160,0.750000,8.600000
2,1,-10.261435,0.000000,-1.299998,0.000000,0.750000,8.600000
0,0,1.486588,-1.348156,1.298606,0.060161,0.750000,8.650000
1,0,1.486588,1.348156,1.298606,-0.060161,0.750000,8.650000
2,1,-10.326435,0.000000,-1.299998,0.000000,0.750000,8.650000
0,0,1.551518,-1.345148,1.298606,0.060163,0.750000,8.700000
1,0,1.551518,1.345148,1.298606,-0.060163,0.750000,8.700000
2,1,-10.391435,0.000000,-1.299998,0.000000,0.750000,8.700000
0,0,1.616448,-1.342140,1.298606,0.060164,0.750000,8.750000
1,0,1.616448,1.342140,1.298606,-0.060164,0.750000,8.750000
2,1,-10.456435,0.000000,-1.299999,0.000000,0.750000,8.750000
0,0,1.681379,-1.339132,1.298606,0.060165,0.750000,8.800000
1,0,1.681379,1.339132,1.298606,-0.060165,0.750000,8.800000
2,1,-10.521435,0.000000,-1.299999,0.000000,0.750000,8.800000
0,0,1.746309,-1.336123,1.298606,0.060166,0.750000,8.850000
1,0,1.746309,1.336123,1.298606,-0.060166,0.750000,8.850000
2,1,-10.586435,0.000000,-1.299999,0.000000,0.750000,8.850000
0,0,1.811239,-1.333115,1.298606,0.060167,0.750000,8.900000
1,0,1.811239,1.333115,1.298606,-0.060167,0.750000,8.900000
2,1,-10.651435,0.000000,-1.299999,0.000000,0.750000,8.900000
0,0,1.876169,-1.330107,1.298606,0.060168,0.750000,8.950000
1,0,1.876169,1.330107,1.298606,-0.060168,0.750000,8.950000
2,1,-10.716435,0.000000,-1.299999,0.000000,0.750000,8.950000
0,0,1.941100,-1.327098,1.298606,0.060169,0.750000,9.000000
1,0,1.941100,1.327098,1.298606,-0.060169,0.750000,9.000000
2,1,-10.781435,0.000000,-1.299999,0.000000,0.750000,9.000000
0,0,2.006030,-1.324090,1.298606,0.060169,0.750000,9.050000
1,0,2.006030,1.324090,1.298606,-0.060169,0.750000,9.050000
2,1,-10.846435,0.000000,-1.299999,0.000000,0.750000,9.050000
0,0,2.070960,-1.321081,1.298606,0.060170,0.750000,9.100000
1,0,2.070960,1.321081,1.298606,-0.060170,0.750000,9.100000
2,1,-10.911435,0.000000,-1.299999,0.000000,0.750000,9.100000
0,0,2.135891,-1.318073,1.298606,0.060170,0.750000,9.150000
1,0,2.135891,1.318073,1.298606,-0.060170,0.750000,9.150000
2,1,-10.976434,0.000000,-1.299999,0.000000,0.750000,9.150000
0,0,2.200821,-1.315064,1.298606,0.060171,0.750000,9.200000
1,0,2.200821,1.315064,1.298606,-0.060171,0.750000,9.200000
2,1,-11.041434,0.000000,-1.299999,0.000000,0.750000,9.200000
0,0,2.265751,-1.312056,1.298606,0.060171,0.750000,9.250000
1,0,2.265751,1.312056,1.298606,-0.060171,0.750000,9.250000
2,1,-11.106434,0.000000,-1.300000,0.000000,0.750000,9.250000
0,0,2.330682,-1.309047,1.298606,0.060172,0.750000,9.300000
1,0,2.330682,1.309047,1.298606,-0.060172,0.750000,9.300000
2,1,-11.171434,0.000000,-1.300000,0.000000,0.750000,9.300000
0,0,2.395612,-1.306039,1.298606,0.060172,0.750000,9.350000
1,0,2.395612,1.306039,1.298606,-0.060172,0.750000,9.350000
2,1,-11.236434,0.000000,-1.300000,0.000000,0.750000,9.350000
0,0,2.460542,-1.303030,1.298606,0.060173,0.750000,9.400000
1,0,2.460542,1.303030,1.298606,-0.060173,0.750000,9.400000
2,1,-11.301434,0.000000,-1.300000,0.000000,0.750000,9.400000
0,0,2.525473,-1.300021,1.298606,0.060173,0.750000,9.450000
1,0,2.525473,1.300021,1.298606,-0.060173,0.750000,9.450000
2,1,-11.366434,0.000000,-1.300000,0.000000,0.750000,9.450000
0,0,2.590403,-1.297013,1.298606,0.060173,0.750000,9.500000
1,0,2.590403,1.297013,1.298606,-0.060173,0.750000,9.500000
2,1,-11.431434,0.000000,-1.300000,0.000000,0.750000,9.500000
0,0,2.655333,-1.294004,1.298606,0.060173,0.750000,9.550000
1,0,2.655333,1.294004,1.298606,-0.060173,0.750000,9.550000
2,1,-11.496434,0.000000,-1.300000,0.000000,0.750000,9.550000
0,0,2.720264,-1.290995,1.298606,0.060174,0.750000,9.600000
1,0,2.720264,1.290995,1.298606,-0.060174,0.750000,9.600000
2,1,-11.561434,0.000000,-1.300000,0.000000,0.750000,9.600000
0,0,2.785194,-1.287987,1.298606,0.060174,0.750000,9.650000
1,0,2.785194,1.287987,1.298606,-0.060174,0.750000,9.650000
2,1,-11.626434,0.000000,-1.300000,0.000000,0.750000,9.650000
0,0,2.850124,-1.284978,1.298606,0.060174,0.750000,9.700000
1,0,2.850124,1.284978,1.298606,-0.060174,0.750000,9.700000
2,1,-11.691434,0.000000,-1.300000,0.000000,0.750000,9.700000
0,0,2.915055,-1.281969,1.298606,0.060174,0.750000,9.750000
1,0,2.915055,1.281969,1.298606,-0.060174,0.750000,9.750000
2,1,-11.756434,0.000000,-1.300000,0.000000,0.750000,9.750000
0,0,2.979985,-1.278960,1.298606,0.060174,0.750000,9.800000
1,0,2.979985,1.278960,1.298606,-0.060174,0.750000,9.800000
2,1,-11.821434,0.000000,-1.300000,0.000000,0.750000,9.800000
0,0,3.044915,-1.275952,1.298606,0.060175,0.750000,9.850000
1,0,3.044915,1.275952,1.298606,-0.060175,0.750000,9.850000
2,1,-11.886434,0.000000,-1.300000,0.000000,0.750000,9.850000
0,0,3.109846,-1.272943,1.298606,0.060175,0.750000,9.900000
1,0,3.109846,1.272943,1.298606,-0.060175,0.750000,9.900000
2,1,-11.951434,0.000000,-1.300000,0.000000,0.750000,9.900000
0,0,3.174776,-1.269934,1.298606,0.060175,0.750000,9.950000
1,0,3.174776,1.269934,1.298606,-0.060175,0.750000,9.950000
2,1,-12.016434,0.000000,-1.300000,0.000000,0.750000,9.950000
0,0,3.239706,-1.266925,1.298606,0.060175,0.750000,10.000000
1,0,3.239706,1.266925,1.298606,-0.060175,0.750000,10.000000
2,1,-12.081434,0.000000,-1.300000,0.000000,0.750000,10.000000
0,0,3.304637,-1.263917,1.298606,0.060175,0.750000,10.050000
1,0,3.304637,1.263917,1.298606,-0.060175,0.750000,10.050000
2,1,-12.146434,0.000000,-1.300000,0.000000,0.750000,10.050000
0,0,3.369567,-1.260908,1.298606,0.060175,0.750000,10.100000
1,0,3.369567,1.260908,1.298606,-0.060175,0.750000,10.100000
2,1,-12.211434,0.000000,-1.300000,0.000000,0.750000,10.100000
0,0,3.434497,-1.257899,1.298606,0.060175,0.750000,10.150000
1,0,3.434497,1.257899,1.298606,-0.060175,0.750000,10.150000
2,1,-12.276434,0.000000,-1.300000,0.000000,0.750000,10.150000
0,0,3.499427,-1.254890,1.298606,0.060175,0.750000,10.200000
1,0,3.499427,1.254890,1.298606,-0.060175,0.750000,10.200000
2,1,-12.341434,0.000000,-1.300000,0.000000,0.750000,10.200000
0,0,3.564358,-1.251882,1.298606,0.060175,0.750000,10.250000
1,0,3.564358,1.251882,1.298606,-0.060175,0.750000,10.250000
2,1,-12.406434,0.000000,-1.300000,0.000000,0.750000,10.250000
0,0,3.629288,-1.248873,1.298606,0.060175,0.750000,10.300000
1,0,3.629288,1.248873,1.298606,-0.060175,0.750000,10.300000
2,1,-12.471434,0.000000,-1.300000,0.000000,0.750000,10.300000
0,0,3.694218,-1.245864,1.298606,0.060175,0.750000,10.350000
1,0,3.694218,1.245864,1.298606,-0.060175,0.750000,10.350000
2,1,-12.536434,0.000000,-1.300000,0.000000,0.750000,10.350000
0,0,3.759149,-1.242855,1.298606,0.060176,0.750000,10.400000
1,0,3.759149,1.242855,1.298606,-0.060176,0.750000,10.400000
2,1,-12.601434,0.000000,-1.300000,0.000000,0.750000,10.400000
0,0,3.824079,-1.239847,1.298606,0.060176,0.750000,10.450000
1,0,3.824079,1.239847,1.298606,-0.060176,0.750000,10.450000
2,1,-12.666434,0.000000,-1.300000,0.000000,0.750000,10.450000
0,0,3.889009,-1.236838,1.298606,0.060176,0.750000,10.500000
1,0,3.889009,1.236838,1.298606,-0.060176,0.750000,10.500000
2,1,-12.731434,0.000000,-1.300000,0.000000,0.750000,10.500000
0,0,3.953940,-1.233829,1.298606,0.060176,0.750000,10.550000
1,0,3.953940,1.233829,1.298606,-0.060176,0.750000,10.550000
2,1,-12.796434,0.000000,-1.300000,0.000000,0.750000,10.550000
0,0,4.018870,-1.230820,1.298606,0.060176,0.750000,10.600000
1,0,4.018870,1.230820,1.298606,-0.060176,0.750000,10.600000
2,1,-12.861434,0.000000,-1.300000,0.000000,0.750000,10.600000
0,0,4.083800,-1.227811,1.298606,0.060176,0.750000,10.650000
1,0,4.083800,1.227811,1.298606,-0.060176,0.750000,10.650000
2,1,-12.926434,0.000000,-1.300000,0.000000,0.750000,10.650000
0,0,4.148731,-1.224803,1.298606,0.060176,0.750000,10.700000
1,0,4.148731,1.224803,1.298606,-0.060176,0.750000,10.700000
2,1,-12.991434,0.000000,-1.300000,0.000000,0.750000,10.700000
0,0,4.213661,-1.221794,1.298606,0.060176,0.750000,10.750000
1,0,4.213661,1.221794,1.298606,-0.060176,0.750000,10.750000
2,1,-13.056434,0.000000,-1.300000,0.000000,0.750000,10.750000
0,0,4.278591,-1.218785,1.298606,0.060176,0.750000,10.800000
1,0,4.278591,1.218785,1.298606,-0.060176,0.750000,10.800000
2,1,-13.121434,0.000000,-1.300000,0.000000,0.750000,10.800000
0,0,4.343522,-1.215776,1.298606,0.060176,0.750000,10.850000
1,0,4.343522,1.215776,1.298606,-0.060176,0.750000,10.850000
2,1,-13.186434,0.000000,-1.300000,0.000000,0.750000,10.850000
0,0,4.408452,-1.212767,1.298606,0.060176,0.750000,10.900000
1,0,4.408452,1.212767,1.298606,-0.060176,0.750000,10.900000
2,1,-13.251434,0.000000,-1.300000,0.000000,0.750000,10.900000
0,0,4.473382,-1.209759,1.298606,0.060176,0.750000,10.950000
1,0,4.473382,1.209759,1.298606,-0.060176,0.750000,10.950000
2,1,-13.316434,0.000000,-1.300000,0.000000,0.750000,10.950000
0,0,4.538313,-1.206750,1.298606,0.060176,0.750000,11.000000
1,0,4.538313,1.206750,1.298606,-0.060176,0.750000,11.000000
2,1,-13.381434,0.000000,-1.300000,0.000000,0.750000,11.000000
0,0,4.603243,-1.203741,1.298606,0.060176,0.750000,11.050000
1,0,4.603243,1.203741,1.298606,-0.060176,0.750000,11.050000
2,1,-13.446434,0.000000,-1.300000,0.000000,0.750000,11.050000
0,0,4.668173,-1.200732,1.298606,0.060176,0.750000,11.100000
1,0,4.668173,1.200732,1.298606,-0.060176,0.750000,11.100000
2,1,-13.511434,0.000000,-1.300000,0.000000,0.750000,11.100000
0,0,4.733104,-1.197724,1.298606,0.060176,0.750000,11.150000
1,0,4.733104,1.197724,1.298606,-0.060176,0.750000,11.150000
2,1,-13.576434,0.000000,-1.300000,0.000000,0.750000,11.150000
0,0,4.798034,-1.194715,1.298606,0.060176,0.750000,11.200000
1,0,4.798034,1.194715,1.298606,-0.060176,0.750000,11.200000
2,1,-13.641434,0.000000,-1.300000,0.000000,0.750000,11.200000
0,0,4.862964,-1.191706,1.298606,0.060176,0.750000,11.250000
1,0,4.862964,1.191706,1.298606,-0.060176,0.750000,11.250000
2,1,-13.706434,0.000000,-1.300000,0.000000,0.750000,11.250000
0,0,4.927895,-1.188697,1.298606,0.060176,0.750000,11.300000
1,0,4.927895,1.188697,1.298606,-0.060176,0.750000,11.300000
2,1,-13.771434,0.000000,-1.300000,0.000000,0.750000,11.300000
0,0,4.992825,-1.185688,1.298606,0.060176,0.750000,11.350000
1,0,4.992825,1.185688,1.298606,-0.060176,0.750000,11.350000
2,1,-13.836434,0.000000,-1.300000,0.000000,0.750000,11.350000
0,0,5.057755,-1.182680,1.298606,0.060176,0.750000,11.400000
1,0,5.057755,1.182680,1.298606,-0.060176,0.750000,11.400000
2,1,-13.901434,0.000000,-1.300000,0.000000,0.750000,11.400000
0,0,5.122686,-1.179671,1.298606,0.060176,0.750000,11.450000
1,0,5.122686,1.179671,1.298606,-0.060176,0.750000,11.450000
2,1,-13.966434,0.000000,-1.300000,0.000000,0.750000,11.450000
0,0,5.187616,-1.176662,1.298606,0.060176,0.750000,11.500000
1,0,5.187616,1.176662,1.298606,-0.060176,0.750000,11.500000
2,1,-14.031434,0.000000,-1.300000,0.000000,0.750000,11.500000
0,0,5.252546,-1.173653,1.298606,0.060176,0.750000,11.550000
1,0,5.252546,1.173653,1.298606,-0.060176,0.750000,11.550000
2,1,-14.096434,0.000000,-1.300000,0.000000,0.750000,11.550000
0,0,5.317477,-1.170644,1.298606,0.060176,0.750000,11.600000
1,0,5.317477,1.170644,1.298606,-0.060176,0.750000,11.600000
2,1,-14.161434,0.000000,-1.300000,0.000000,0.750000,11.600000
0,0,5.382407,-1.167636,1.298606,0.060176,0.750000,11.650000
1,0,5.382407,1.167636,1.298606,-0.060176,0.750000,11.650000
2,1,-14.226434,0.000000,-1.300000,0.000000,0.750000,11.650000
0,0,5.447337,-1.164627,1.298606,0.060176,0.750000,11.700000
1,0,5.447337,1.164627,1.298606,-0.060176,0.750000,11.700000
2,1,-14.291434,0.000000,-1.300000,0.000000,0.750000,11.700000
0,0,5.512268,-1.161618,1.298606,0.060176,0.750000,11.750000
1,0,5.512268,1.161618,1.298606,-0.060176,0.750000,11.750000
2,1,-14.356434,0.000000,-1.300000,0.000000,0.750000,11.750000
0,0,5.577198,-1.158609,1.298606,0.060176,0.750000,11.800000
1,0,5.577198,1.158609,1.298606,-0.060176,0.750000,11.800000
2,1,-14.421434,0.000000,-1.300000,0.000000,0.750000,11.800000
0,0,5.642128,-1.155600,1.298606,0.060176,0.750000,11.850000
1,0,5.642128,1.155600,1.298606,-0.060176,0.750000,11.850000
2,1,-14.486434,0.000000,-1.300000,0.000000,0.750000,11.850000
0,0,5.707059,-1.152592,1.298606,0.060176,0.750000,11.900000
1,0,5.707059,1.152592,1.298606,-0.060176,0.750000,11.900000
2,1,-14.551434,0.000000,-1.300000,0.000000,0.750000,11.900000
0,0,5.771989,-1.149583,1.298606,0.060176,0.750000,11.950000
1,0,5.771989,1.149583,1.298606,-0.060176,0.750000,11.950000
2,1,-14.616434,0.000000,-1.300000,0.000000,0.750000,11.950000
0,0,5.836919,-1.146574,1.298606,0.060176,0.750000,12.000000
1,0,5.836919,1.146574,1.298606,-0.060176,0.750000,12.000000
2,1,-14.681434,0.000000,-1.300000,0.000000,0.750000,12.000000
0,0,5.901850,-1.143565,1.298606,0.060176,0.750000,12.050000
1,0,5.901850,1.143565,1.298606,-0.060176,0.750000,12.050000
2,1,-14.746434,0.000000,-1.300000,0.000000,0.750000,12.050000
0,0,5.966780,-1.140556,1.298606,0.060176,0.750000,12.100000
1,0,5.966780,1.140556,1.298606,-0.060176,0.750000,12.100000
2,1,-14.811434,0.000000,-1.300000,0.000000,0.750000,12.100000
0,0,6.031710,-1.137547,1.298606,0.060176,0.750000,12.150000
1,0,6.031710,1.137547,1.298606,-0.060176,0.750000,12.150000
2,1,-14.876434,0.000000,-1.300000,0.000000,0.750000,12.150000
0,0,6.096640,-1.134539,1.298606,0.060176,0.750000,12.200000
1,0,6.096640,1.134539,1.298606,-0.060176,0.750000,12.200000
2,1,-14.941434,0.000000,-1.300000,0.000000,0.750000,12.200000
0,0,6.161571,-1.131530,1.298606,0.060176,0.750000,12.250000
1,0,6.161571,1.131530,1.298606,-0.060176,0.750000,12.250000
0,0,6.226501,-1.128521,1.298606,0.060176,0.750000,12.300000
1,0,6.226501,1.128521,1.298606,-0.060176,0.750000,12.300000
0,0,6.291431,-1.125512,1.298606,0.060176,0.750000,12.350000
1,0,6.291431,1.125512,1.298606,-0.060176,0.750000,12.350000
0,0,6.356362,-1.122503,1.298606,0.060176,0.750000,12.400000
1,0,6.356362,1.122503,1.298606,-0.060176,0.750000,12.400000
0,0,6.421292,-1.119495,1.298606,0.060176,0.750000,12.450000
1,0,6.421292,1.119495,1.298606,-0.060176,0.750000,12.450000
0,0,6.486222,-1.116486,1.298606,0.060176,0.750000,12.500000
1,0,6.486222,1.116486,1.298606,-0.060176,0.750000,12.500000
0,0,6.551153,-1.113477,1.298606,0.060176,0.750000,12.550000
1,0,6.551153,1.113477,1.298606,-0.060176,0.750000,12.550000
0,0,6.616083,-1.110468,1.298606,0.060176,0.750000,12.600000
1,0,6.616083,1.110468,1.298606,-0.060176,0.750000,12.600000
0,0,6.681013,-1.107459,1.298606,0.060176,0.750000,12.650000
1,0,6.681013,1.107459,1.298606,-0.060176,0.750000,12.650000
0,0,6.745944,-1.104451,1.298606,0.060176,0.750000,12.700000
1,0,6.745944,1.104451,1.298606,-0.060176,0.750000,12.700000
0,0,6.810874,-1.101442,1.298606,0.060176,0.750000,12.750000
1,0,6.810874,1.101442,1.298606,-0.060176,0.750000,12.750000
0,0,6.875804,-1.098433,1.298606,0.060176,0.750000,12.800000
1,0,6.875804,1.098433,1.298606,-0.060176,0.750000,12.800000
0,0,6.940735,-1.095424,1.298606,0.060176,0.750000,12.850000
1,0,6.940735,1.095424,1.298606,-0.060176,0.750000,12.850000
0,0,7.005665,-1.092415,1.298606,0.060176,0.750000,12.900000
1,0,7.005665,1.092415,1.298606,-0.060176,0.750000,12.900000
0,0,7.070595,-1.089407,1.298606,0.060176,0.750000,12.950000
1,0,7.070595,1.089407,1.298606,-0.060176,0.750000,12.950000
0,0,7.135526,-1.086398,1.298606,0.060176,0.750000,13.000000
1,0,7.135526,1.086398,1.298606,-0.060176,0.750000,13.000000
0,0,7.200456,-1.083389,1.298606,0.060176,0.750000,13.050000
1,0,7.200456,1.083389,1.298606,-0.060176,0.750000,13.050000
0,0,7.265386,-1.080380,1.298606,0.060176,0.750000,13.100000
1,0,7.265386,1.080380,1.298606,-0.060176,0.750000,13.100000
0,0,7.330317,-1.077371,1.298606,0.060176,0.750000,13.150000
1,0,7.330317,1.077371,1.298606,-0.060176,0.750000,13.150000
0,0,7.395247,-1.074363,1.298606,0.060176,0.750000,13.200000
1,0,7.395247,1.074363,1.298606,-0.060176,0.750000,13.200000
0,0,7.460177,-1.071354,1.298606,0.060176,0.750000,13.250000
1,0,7.460177,1.071354,1.298606,-0.060176,0.750000,13.250000
0,0,7.525108,-1.068345,1.298606,0.060176,0.750000,13.300000
1,0,7.525108,1.068345,1.298606,-0.060176,0.750000,13.300000
0,0,7.590038,-1.065336,1.298606,0.060176,0.750000,13.350000
1,0,7.590038,1.065336,1.298606,-0.060176,0.750000,13.350000
0,0,7.654968,-1.062327,1.298606,0.060176,0.750000,13.400000
1,0,7.654968,1.062327,1.298606,-0.060176,0.750000,13.400000
0,0,7.719899,-1.059319,1.298606,0.060176,0.750000,13.450000
1,0,7.719899,1.059319,1.298606,-0.060176,0.750000,13.450000
0,0,7.784829,-1.056310,1.298606,0.060176,0.750000,13.500000
1,0,7.784829,1.056310,1.298606,-0.060176,0.750000,13.500000
0,0,7.849759,-1.053301,1.298606,0.060176,0.750000,13.550000
1,0,7.849759,1.053301,1.298606,-0.060176,0.750000,13.550000
0,0,7.914690,-1.050292,1.298606,0.060176,0.750000,13.600000
1,0,7.914690,1.050292,1.298606,-0.060176,0.750000,13.600000
0,0,7.979620,-1.047288,1.298606,0.060078,0.750000,13.650000
1,0,7.979620,1.047288,1.298606,-0.060078,0.750000,13.650000
